--Populate 
insert into Member values('student1@email.arizona.edu', 'Adam', 'I am student 1', 'Tucson', '01-JAN-00', 'y', 'y', 'good');
insert into Member values('student2@email.arizona.edu', 'Barbara', 'I am student 2', 'Tucson', '01-FEB-02', 'y', 'n', 'good');
insert into Member values('student3@email.arizona.edu', 'Charles', 'I am student 3', 'Phoenix', '01-MAR-00', 'y', 'n', 'bad');
insert into Member values('student4@email.arizona.edu', 'Debby', 'I am student 4', 'Phoenix', '01-APR-00', 'n', 'y', null);
insert into Member values('student5@email.arizona.edu', 'Earl', 'I am student 5', 'Yuma', '01-MAY-00', 'n', 'y', null);

insert into Pet values('student1@email.arizona.edu', 'Fiona', '01-JAN-19', 'y', 'Dog', 3, null);
insert into Pet values('student2@email.arizona.edu', 'Garfield', '01-FEB-19', 'y', 'Cat', null, null);
insert into Pet values('student3@email.arizona.edu', 'Harry', '01-MAR-19' , 'n', 'Cat', null, null);
insert into Pet values('student4@email.arizona.edu', 'Isabel', '01-APR-19','y', 'Dog', 4, null);
insert into Pet values('student5@email.arizona.edu', 'Jack', '01-MAY-19', 'n', 'Rabbit', null, 'y');

insert into Favorite values('student1@email.arizona.edu', 'student1@email.arizona.edu', 'Fiona', '01-JAN-19');
insert into Favorite values('student2@email.arizona.edu', 'student2@email.arizona.edu', 'Garfield', '01-FEB-19');
insert into Favorite values('student3@email.arizona.edu', 'student3@email.arizona.edu', 'Harry', '01-MAR-19');
insert into Favorite values('student4@email.arizona.edu', 'student4@email.arizona.edu', 'Isabel', '01-APR-19');
insert into Favorite values('student5@email.arizona.edu', 'student5@email.arizona.edu', 'Jack', '01-MAY-19');

